id,code,name_in_thai,name_in_english,province_id
1,1001,"เขต พระนคร","Phra Nakhon",1
2,1002,"เขต ดุสิต","Dusit",1
3,1003,"เขต หนองจอก","Nong Chok",1
4,1004,"เขต บางรัก","Bang Rak",1
5,1005,"เขต บางเขน","Bang Khen",1
6,1006,"เขต บางกะปิ","Bang Kapi",1
7,1007,"เขต ปทุมวัน","Pathum Wan",1
8,1008,"เขต ป้อมปราบศัตรูพ่าย","Pom Prap Sattruphai",1
9,1009,"เขต พระโขนง","Phra Khanong",1
10,1010,"เขต มีนบุรี","Min Buri",1
11,1011,"เขต ลาดกระบัง","Lat Krabang",1
12,1012,"เขต ยานนาวา","Yannawa",1
13,1013,"เขต สัมพันธวงศ์","Samphanthawong",1
14,1014,"เขต พญาไท","Phaya Thai",1
15,1015,"เขต ธนบุรี","Thon Buri",1
16,1016,"เขต บางกอกใหญ่","Bangkok Yai",1
17,1017,"เขต ห้วยขวาง","Huai Khwang",1
18,1018,"เขต คลองสาน","Khlong San",1
19,1019,"เขต ตลิ่งชัน","Taling Chan",1
20,1020,"เขต บางกอกน้อย","Bangkok Noi",1
21,1021,"เขต บางขุนเทียน","Bang Khun Thian",1
22,1022,"เขต ภาษีเจริญ","Phasi Charoen",1
23,1023,"เขต หนองแขม","Nong Khaem",1
24,1024,"เขต ราษฎร์บูรณะ","Rat Burana",1
25,1025,"เขต บางพลัด","Bang Phlat",1
26,1026,"เขต ดินแดง","Din Daeng",1
27,1027,"เขต บึงกุ่ม","Bung Kum",1
28,1028,"เขต สาทร","Sa Thon",1
29,1029,"เขต บางซื่อ","Bang Su",1
30,1030,"เขต จตุจักร","Chatuchak",1
31,1031,"เขต บางคอแหลม","Bang Kho Laem",1
32,1032,"เขต ประเวศ","Prawet",1
33,1033,"เขต คลองเตย","Khlong Toei",1
34,1034,"เขต สวนหลวง","Suan Luang",1
35,1035,"เขต จอมทอง","Chom Thong",1
36,1036,"เขต ดอนเมือง","Don Mueang",1
37,1037,"เขต ราชเทวี","Rat Thewi",1
38,1038,"เขต ลาดพร้าว","Lat Phrao",1
39,1039,"เขต วัฒนา","Watthana",1
40,1040,"เขต บางแค","Bang Khae",1
41,1041,"เขต หลักสี่","Lak Si",1
42,1042,"เขต สายไหม","Sai Mai",1
43,1043,"เขต คันนายาว","Khanna Yao",1
44,1044,"เขต สะพานสูง","Saphan Sung",1
45,1045,"เขต วังทองหลาง","Wang Thong Lang",1
46,1046,"เขต คลองสามวา","Khlong Sam Wa",1
47,1047,"เขต บางนา","Bang Na",1
48,1048,"เขต ทวีวัฒนา","Thawi Watthana",1
49,1049,"เขต ทุ่งครุ","Thung Khu",1
50,1050,"เขต บางบอน","Bang Bon",1
51,1101,"เมืองสมุทรปราการ","Mueang Samut Prakan",2
52,1102,"บางบ่อ","Bang Bo",2
53,1103,"บางพลี","Bang Phli",2
54,1104,"พระประแดง","Phra Pradaeng",2
55,1105,"พระสมุทรเจดีย์","Phra Samut Chedi",2
56,1106,"บางเสาธง","Bang Sao Thong",2
57,1201,"เมืองนนทบุรี","Mueang Nonthaburi",3
58,1202,"บางกรวย","Bang Kruai",3
59,1203,"บางใหญ่","Bang Yai",3
60,1204,"บางบัวทอง","Bang Bua Thong",3
61,1205,"ไทรน้อย","Sai Noi",3
62,1206,"ปากเกร็ด","Pak Kret",3
63,1301,"เมืองปทุมธานี","Mueang Pathum Thani",4
64,1302,"คลองหลวง","khlong Luang",4
65,1303,"ธัญบุรี","Thanyaburi",4
66,1304,"หนองเสือ","Nong Suea",4
67,1305,"ลาดหลุมแก้ว","Lat Lum Kaeo",4
68,1306,"ลำลูกกา","Lam Luk Ka",4
69,1307,"สามโคก","Sam Khok",4
70,1401,"พระนครศรีอยุธยา","Phra Nakhon Si Ayutthaya",5
71,1402,"ท่าเรือ","Tha Ruea",5
72,1403,"นครหลวง","Nakhon Luang",5
73,1404,"บางไทร","Bang Sai",5
74,1405,"บางบาล","Bang Ban",5
75,1406,"บางปะอิน","Bang Pa-in",5
76,1407,"บางปะหัน","Bang Pahan",5
77,1408,"ผักไห่","Phak Hai",5
78,1409,"ภาชี","Phachi",5
79,1410,"ลาดบัวหลวง","Lat Bua Luang",5
80,1411,"วังน้อย","Wang Noi",5
81,1412,"เสนา","Sena",5
82,1413,"บางซ้าย","Bang Sai",5
83,1414,"อุทัย","Uthai",5
84,1415,"มหาราช","Maha Rat",5
85,1416,"บ้านแพรก","Ban Phraek",5
86,1501,"เมืองอ่างทอง","Mueang Ang Thong",6
87,1502,"ไชโย","Chaiyo",6
88,1503,"ป่าโมก","Pa Mok",6
89,1504,"โพธิ์ทอง","Pho Thong",6
90,1505,"แสวงหา","Sawaeng Ha",6
91,1506,"วิเศษชัยชาญ","Wiset Chai Chan",6
92,1507,"สามโก้","Samko",6
93,1601,"เมืองลพบุรี","Mueang Lop Buri",7
94,1602,"พัฒนานิคม","Phatthana Nikhom",7
95,1603,"โคกสำโรง","Khok Samrong",7
96,1604,"ชัยบาดาล","Chai Badan",7
97,1605,"ท่าวุ้ง","Tha Wung",7
98,1606,"บ้านหมี่","Ban Mi",7
99,1607,"ท่าหลวง","Tha Luang",7
100,1608,"สระโบสถ์","Sa Bot",7
101,1609,"โคกเจริญ","Khok Charoen",7
102,1610,"ลำสนธิ","Lam Sonthi",7
103,1611,"หนองม่วง","Nong Muang",7
104,1701,"เมืองสิงห์บุรี","Mueang Sing Buri",8
105,1702,"บางระจัน","Bang Rachan",8
106,1703,"ค่ายบางระจัน","Khai Bang Rachan",8
107,1704,"พรหมบุรี","Phrom Buri",8
108,1705,"ท่าช้าง","Tha Chang",8
109,1706,"อินทร์บุรี","In Buri",8
110,1801,"เมืองชัยนาท","Mueang Chai Nat",9
111,1802,"มโนรมย์","Manorom",9
112,1803,"วัดสิงห์","Wat Sing",9
113,1804,"สรรพยา","Sapphaya",9
114,1805,"สรรคบุรี","Sankhaburi",9
115,1806,"หันคา","Hankha",9
116,1807,"หนองมะโมง","Nong Mamong",9
117,1808,"เนินขาม","Noen Kham",9
118,1901,"เมืองสระบุรี","Mueang Saraburi",10
119,1902,"แก่งคอย","Kaeng Khoi",10
120,1903,"หนองแค","Nong Khae",10
121,1904,"วิหารแดง","Wihan Daeng",10
122,1905,"หนองแซง","Nong Saeng",10
123,1906,"บ้านหมอ","Ban Mo",10
124,1907,"ดอนพุด","Don Phut",10
125,1908,"หนองโดน","Nong Don",10
126,1909,"พระพุทธบาท","Phra Phutthabat",10
127,1910,"เสาไห้","Sao Hai",10
128,1911,"มวกเหล็ก","Muak Lek",10
129,1912,"วังม่วง","Wang Muang",10
130,1913,"เฉลิมพระเกียรติ","Chaloem Phra Kiet",10
131,2001,"เมืองชลบุรี","Mueang Chon Buri",11
132,2002,"บ้านบึง","Ban Bueng",11
133,2003,"หนองใหญ่","Nong Yai",11
134,2004,"บางละมุง","Bang Lamung",11
135,2005,"พานทอง","Phan Thong",11
136,2006,"พนัสนิคม","Phanat Nikhom",11
137,2007,"ศรีราชา","Si Racha",11
138,2008,"เกาะสีชัง","Ko Sichang",11
139,2009,"สัตหีบ","Sattahip",11
140,2010,"บ่อทอง","Bo Thong",11
141,2011,"เกาะจันทร์","Ko Chan",11
142,2101,"เมืองระยอง","Mueang Rayong",12
143,2102,"บ้านฉาง","Ban Chang",12
144,2103,"แกลง","Klaeng",12
145,2104,"วังจันทร์","Wang Chan",12
146,2105,"บ้านค่าย","Ban Khai",12
147,2106,"ปลวกแดง","Pluak Daeng",12
148,2107,"เขาชะเมา","Khao Chamao",12
149,2108,"นิคมพัฒนา","Nikhom Phatthana",12
150,2201,"เมืองจันทบุรี","Mueang Chanthaburi",13
151,2202,"ขลุง","Khlung",13
152,2203,"ท่าใหม่","Tha Mai",13
153,2204,"โป่งน้ำร้อน","Pong Nam Ron",13
154,2205,"มะขาม","Makham",13
155,2206,"แหลมสิงห์","Laem Sing",13
156,2207,"สอยดาว","Soi Dao",13
157,2208,"แก่งหางแมว","Kaeng Hang Maeo",13
158,2209,"นายายอาม","Na Yai Am",13
159,2210,"เขาคิชฌกูฏ","Khao Khitchakut",13
160,2301,"เมืองตราด","Mueang Trat",14
161,2302,"คลองใหญ่","Khlong Yai",14
162,2303,"เขาสมิง","Khao Saming",14
163,2304,"บ่อไร่","Bo Rai",14
164,2305,"แหลมงอบ","Laem Ngop",14
165,2306,"เกาะกูด","Ko Kut",14
166,2307,"เกาะช้าง","Ko Chang",14
167,2401,"เมืองฉะเชิงเทรา","Mueang Chachoengsao",15
168,2402,"บางคล้า","Bang Khla",15
169,2403,"บางน้ำเปรี้ยว","Bang Nam Priao",15
170,2404,"บางปะกง","Bang Pakong",15
171,2405,"บ้านโพธิ์","Ban Pho",15
172,2406,"พนมสารคาม","Phanom Sarakham",15
173,2407,"ราชสาส์น","Ratchasan",15
174,2408,"สนามชัยเขต","Sanam Chai Khet",15
175,2409,"แปลงยาว","Pleang Yao",15
176,2410,"ท่าตะเกียบ","Tha Takiap",15
177,2411,"คลองเขื่อน","Khlong Khuean",15
178,2501,"เมืองปราจีนบุรี","Mueang Prachin Buri",16
179,2502,"กบินทร์บุรี","Kabin Buri",16
180,2503,"นาดี","Na Di",16
181,2506,"บ้านสร้าง","Ban Sang",16
182,2507,"ประจันตคาม","Prachantakham",16
183,2508,"ศรีมหาโพธิ","Si Maha Phot",16
184,2509,"ศรีมโหสถ","Si Mahosot",16
185,2601,"เมืองนครนายก","Mueang Nakhon Nayok",17
186,2602,"ปากพลี","Pak Phli",17
187,2603,"บ้านนา","Ban Na",17
188,2604,"องครักษ์","Ongkharak",17
189,2701,"เมืองสระแก้ว","Mueang Sa Kaeo",18
190,2702,"คลองหาด","Khlong Hat",18
191,2703,"ตาพระยา","Ta Phraya",18
192,2704,"วังน้ำเย็น","Wang Nam Yen",18
193,2705,"วัฒนานคร","Watthana Nakhon",18
194,2706,"อรัญประเทศ","Aranyaprathet",18
195,2707,"เขาฉกรรจ์","Khao Chakan",18
196,2708,"โคกสูง","Khok Sung",18
197,2709,"วังสมบูรณ์","Wang Sombun",18
198,3001,"เมืองนครราชสีมา","Mueang Nakhon Ratchasima",19
199,3002,"ครบุรี","Khon Buri",19
200,3003,"เสิงสาง","Soeng Sang",19
201,3004,"คง","Khong",19
202,3005,"บ้านเหลื่อม","Ban Lueam",19
203,3006,"จักราช","Chakkarat",19
204,3007,"โชคชัย","Chok Chai",19
205,3008,"ด่านขุนทด","Dan Khun Thot",19
206,3009,"โนนไทย","Non Thai",19
207,3010,"โนนสูง","Non Sung",19
208,3011,"ขามสะแกแสง","Kham Sakaesaeng",19
209,3012,"บัวใหญ่","Bua Yai",19
210,3013,"ประทาย","Prathai",19
211,3014,"ปักธงชัย","Pak Thong Chai",19
212,3015,"พิมาย","Phimai",19
213,3016,"ห้วยแถลง","Huai Thalaeng",19
214,3017,"ชุมพวง","Chum Phuang",19
215,3018,"สูงเนิน","Sung Noen",19
216,3019,"ขามทะเลสอ","Kham Thale So",19
217,3020,"สีคิ้ว","Si Khio",19
218,3021,"ปากช่อง","Pak Chong",19
219,3022,"หนองบุญมาก","Nong Bunmak",19
220,3023,"แก้งสนามนาง","Kaeng Sanam Nang",19
221,3024,"โนนแดง","Non Daeng",19
222,3025,"วังน้ำเขียว","Wang Nam Khiao",19
223,3026,"เทพารักษ์","Thepharak",19
224,3027,"เมืองยาง","Mueang Yang",19
225,3028,"พระทองคำ","Phra Thong Kham",19
226,3029,"ลำทะเมนชัย","Lamtaman Chai",19
227,3030,"บัวลาย","Bua Lai",19
228,3031,"สีดา","Sida",19
229,3032,"เฉลิมพระเกียรติ","Chaloem Phra Kiet",19
230,3101,"เมืองบุรีรัมย์","Mueang Buri Ram",20
231,3102,"คูเมือง","Khu Mueang",20
232,3103,"กระสัง","Krasang",20
233,3104,"นางรอง","Nang Rong",20
234,3105,"หนองกี่","Nong Ki",20
235,3106,"ละหานทราย","Lahan Sai",20
236,3107,"ประโคนชัย","Prakhon Chai",20
237,3108,"บ้านกรวด","Ban Kruat",20
238,3109,"พุทไธสง","Phutthaisong",20
239,3110,"ลำปลายมาศ","Lam Plai Mat",20
240,3111,"สตึก","Satuek",20
241,3112,"ปะคำ","Pakham",20
242,3113,"นาโพธิ์","Na Pho",20
243,3114,"หนองหงส์","Nong Hong",20
244,3115,"พลับพลาชัย","Phlapphla Chai",20
245,3116,"ห้วยราช","Huai Rat",20
246,3117,"โนนสุวรรณ","Non Din Daeng",20
247,3118,"ชำนิ","Chamni",20
248,3119,"บ้านใหม่ไชยพจน์","Ban Mai Chaiyaphot",20
249,3120,"โนนดินแดง","Non Din Daeng",20
250,3121,"บ้านด่าน","Ban Dan",20
251,3122,"แคนดง","Khaen Dong",20
252,3123,"เฉลิมพระเกียรติ","Chaloem Phra Kiet",20
253,3201,"เมืองสุรินทร์","Mueang Surin",21
254,3202,"ชุมพลบุรี","Chumphon Buri",21
255,3203,"ท่าตูม","Tha Tum",21
256,3204,"จอมพระ","Chom Phra",21
257,3205,"ปราสาท","Prasat",21
258,3206,"กาบเชิง","Kap Choeng",21
259,3207,"รัตนบุรี","Rattanaburi",21
260,3208,"สนม","Sanom",21
261,3209,"ศีขรภูมิ","Sikhoraphum",21
262,3210,"สังขะ","Sangkha",21
263,3211,"ลำดวน","Lamduan",21
264,3212,"สำโรงทาบ","Samrong Thap",21
265,3213,"บัวเชด","Buachet",21
266,3214,"พนมดงรัก","Phanom Dong Rak",21
267,3215,"ศรีณรงค์","Si Narong",21
268,3216,"เขวาสินรินทร์","Khwao Sinarin",21
269,3217,"โนนนารายณ์","Non Narai",21
270,3301,"เมืองศรีสะเกษ","Mueang Si Sa Ket",22
271,3302,"ยางชุมน้อย","Yang Chum Noi",22
272,3303,"กันทรารมย์","Kanthararom",22
273,3304,"กันทรลักษ์","Kantharalak",22
274,3305,"ขุขันธ์","Khukhan",22
275,3306,"ไพรบึง","Phrai Bueng",22
276,3307,"ปรางค์กู่","Prang Ku",22
277,3308,"ขุนหาญ","Khun Han",22
278,3309,"ราษีไศล","Rasi Salai",22
279,3310,"อุทุมพรพิสัย","Uthumphon Phisai",22
280,3311,"บึงบูรพ์","Bueng Bun",22
281,3312,"ห้วยทับทัน","Huai Thap Than",22
282,3313,"โนนคูณ","Non Khun",22
283,3314,"ศรีรัตนะ","Si Rattana",22
284,3315,"น้ำเกลี้ยง","Nam Kliang",22
285,3316,"วังหิน","Wang Hin",22
286,3317,"ภูสิงห์","Phu Sing",22
287,3318,"เมืองจันทร์","Mueang Chan",22
288,3319,"เบญจลักษ์","Benchalak",22
289,3320,"พยุห์","Phayu",22
290,3321,"โพธิ์ศรีสุวรรณ","Pho Si Suwan",22
291,3322,"ศิลาลาด","Sila Lat",22
292,3401,"เมืองอุบลราชธานี","Mueang Ubon Ratchathani",23
293,3402,"ศรีเมืองใหม่","Si Mueang Mai",23
294,3403,"โขงเจียม","Khong Chiam",23
295,3404,"เขื่องใน","Khueang Nai",23
296,3405,"เขมราฐ","Khemarat",23
297,3407,"เดชอุดม","Det Udom",23
298,3408,"นาจะหลวย","Na Chaluai",23
299,3409,"น้ำยืน","Nam Yuen",23
300,3410,"บุณฑริก","Boontharik",23
301,3411,"ตระการพืชผล","Trakan Phuet Phon",23
302,3412,"กุดข้าวปุ้น","Kut Khaopun",23
303,3414,"ม่วงสามสิบ","Muang Sam Sip",23
304,3415,"วารินชำราบ","Warin Chamrap",23
305,3419,"พิบูลมังสาหาร","Phibun Mangsahan",23
306,3420,"ตาลสุม","Tan Sum",23
307,3421,"โพธิ์ไทร","Pho Sai",23
308,3422,"สำโรง","Samrong",23
309,3424,"ดอนมดแดง","Don Mot Daeng",23
310,3425,"สิรินธร","Sirindhorn",23
311,3426,"ทุ่งศรีอุดม","Thung Si Udom",23
312,3429,"นาเยีย","Na Yia",23
313,3430,"นาตาล","Na Tan",23
314,3431,"เหล่าเสือโก้ก","Lao Suea Kok",23
315,3432,"สว่างวีระวงศ์","Sawang Wirawong",23
316,3433,"น้ำขุ่น","Nam Khun",23
317,3501,"เมืองยโสธร","Mueang Yasothon",24
318,3502,"ทรายมูล","Sai Mun",24
319,3503,"กุดชุม","Kut Chum",24
320,3504,"คำเขื่อนแก้ว","Kham Khuean Kaeo",24
321,3505,"ป่าติ้ว","Pa Tio",24
322,3506,"มหาชนะชัย","Maha Chana Chai",24
323,3507,"ค้อวัง","Kho Wang",24
324,3508,"เลิงนกทา","Loeng Nok Tha",24
325,3509,"ไทยเจริญ","Thai Charoen",24
326,3601,"เมืองชัยภูมิ","Mueang Chaiyaphum",25
327,3602,"บ้านเขว้า","Ban Khwao",25
328,3603,"คอนสวรรค์","Khon Sawan",25
329,3604,"เกษตรสมบูรณ์","Kaset Sombun",25
330,3605,"หนองบัวแดง","Nong Bua Daeng",25
331,3606,"จัตุรัส","Chatturat",25
332,3607,"บำเหน็จณรงค์","Bamnet Narong",25
333,3608,"หนองบัวระเหว","Nong Bua Rawe",25
334,3609,"เทพสถิต","Thep Sathit",25
335,3610,"ภูเขียว","Phu Khiao",25
336,3611,"บ้านแท่น","Ban Thaen",25
337,3612,"แก้งคร้อ","Kaeng Khro",25
338,3613,"คอนสาร","Khon San",25
339,3614,"ภักดีชุมพล","Phakdi Chumphon",25
340,3615,"เนินสง่า","Noen Sa-nga",25
341,3616,"ซับใหญ่","Sap Yai",25
342,3701,"เมืองอำนาจเจริญ","Mueang Amnat Charoen",26
343,3702,"ชานุมาน","Chanuman",26
344,3703,"ปทุมราชวงศา","Pathum Ratchawongsa",26
345,3704,"พนา","Phana",26
346,3705,"เสนางคนิคม","Senangkhanikhom",26
347,3706,"หัวตะพาน","Hua Taphan",26
348,3707,"ลืออำนาจ","Lue Amnat",26
349,3801,"บึงกาฬ","Bueng Kan",27
350,3802,"พรเจริญ","Phon Charoen",27
351,3803,"โซ่พิสัย","So Phisai",27
352,3804,"เซกา","Seka",27
353,3805,"ปากคาด","Pak Khat",27
354,3806,"บึงโขงหลง","Bueng Khong Long",27
355,3807,"ศรีวิไล","Si Wilai",27
356,3808,"บุ่งคล้า","Bung Khla",27
357,3901,"เมืองหนองบัวลำภู","Mueang Nong Bua Lam Phu",28
358,3902,"นากลาง","Na Klang",28
359,3903,"โนนสัง","Non Sang",28
360,3904,"ศรีบุญเรือง","Si Bun Rueang",28
361,3905,"สุวรรณคูหา","Suwannakhuha",28
362,3906,"นาวัง","Na Wang",28
363,4001,"เมืองขอนแก่น","Mueang Khon Kaen",29
364,4002,"บ้านฝาง","Ban Fang",29
365,4003,"พระยืน","Phra Yuen",29
366,4004,"หนองเรือ","Nong Ruea",29
367,4005,"ชุมแพ","Chum Phae",29
368,4006,"สีชมพู","Si Chomphu",29
369,4007,"น้ำพอง","Nam Phong",29
370,4008,"อุบลรัตน์","Ubolratana",29
371,4009,"กระนวน","Kranuan",29
372,4010,"บ้านไผ่","Ban Phai",29
373,4011,"เปือยน้อย","Pueai Noi",29
374,4012,"พล","Phon",29
375,4013,"แวงใหญ่","Waeng Yai",29
376,4014,"แวงน้อย","Waeng Noi",29
377,4015,"หนองสองห้อง","Nong Song Hong",29
378,4016,"ภูเวียง","Phu Wiang",29
379,4017,"มัญจาคีรี","Mancha Khiri",29
380,4018,"ชนบท","Chonnabot",29
381,4019,"เขาสวนกวาง","Khao Suan Kwang",29
382,4020,"ภูผาม่าน","Phu Phaman",29
383,4021,"ซำสูง","Sam Sung",29
384,4022,"โคกโพธิ์ไชย","Khok Pho Chai",29
385,4023,"หนองนาคำ","Nong Na Kham",29
386,4024,"บ้านแฮด","Ban Haet",29
387,4025,"โนนศิลา","Non Sila",29
388,4026,"เวียงเก่า","Wiang Kao",29
389,4101,"เมืองอุดรธานี","Mueang Udon Thani",30
390,4102,"กุดจับ","Kut Chap",30
391,4103,"หนองวัวซอ","Nong Wua So",30
392,4104,"กุมภวาปี","Kumphawapi",30
393,4105,"โนนสะอาด","Non Sa-at",30
394,4106,"หนองหาน","Nong Saeng",30
395,4107,"ทุ่งฝน","Thung Fon",30
396,4108,"ไชยวาน","Chai Wan",30
397,4109,"ศรีธาตุ","Si That",30
398,4110,"วังสามหมอ","Wang Sam Mo",30
399,4111,"บ้านดุง","Ban Dung",30
400,4117,"บ้านผือ","Ban Phue",30
401,4118,"น้ำโสม","Nam Som",30
402,4119,"เพ็ญ","Phen",30
403,4120,"สร้างคอม","Sang Khom",30
404,4121,"หนองแสง","Nong Saeng",30
405,4122,"นายูง","Na Yung",30
406,4123,"พิบูลย์รักษ์","Phibun Rak",30
407,4124,"กู่แก้ว","Ku Kaeo",30
408,4125,"ประจักษ์ศิลปาคม","Prachaksinlapakhom",30
409,4201,"เมืองเลย","Mueang Loei",31
410,4202,"นาด้วง","Na Duang",31
411,4203,"เชียงคาน","Chiang Khan",31
412,4204,"ปากชม","Pak Chom",31
413,4205,"ด่านซ้าย","Dan Sai",31
414,4206,"นาแห้ว","Na Haeo",31
415,4207,"ภูเรือ","Phu Ruea",31
416,4208,"ท่าลี่","Tha Li",31
417,4209,"วังสะพุง","Wang Saphung",31
418,4210,"ภูกระดึง","Phu Kradueng",31
419,4211,"ภูหลวง","Phu Luang",31
420,4212,"ผาขาว","Pha  Khao",31
421,4213,"เอราวัณ","Erawan",31
422,4214,"หนองหิน","Nong Hin",31
423,4301,"เมืองหนองคาย","Mueang Nong Khai",32
424,4302,"ท่าบ่อ","Tha Bo",32
425,4305,"โพนพิสัย","Phon Phisai",32
426,4307,"ศรีเชียงใหม่","Si Chiang Mai",32
427,4308,"สังคม","Sangkhom",32
428,4314,"สระใคร","Sakhrai",32
429,4315,"เฝ้าไร่","Fao Rai",32
430,4316,"รัตนวาปี","Rattanawapi",32
431,4317,"โพธิ์ตาก","Pho Tak",32
432,4401,"เมืองมหาสารคาม","Mueang Maha Sarakham",33
433,4402,"แกดำ","Kae Dam",33
434,4403,"โกสุมพิสัย","Kosum Phisai",33
435,4404,"กันทรวิชัย","Kantharawichai",33
436,4405,"เชียงยืน","Chiang Yuen",33
437,4406,"บรบือ","Borabue",33
438,4407,"นาเชือก","Na Chueak",33
439,4408,"พยัคฆภูมิพิสัย","Phayakkhaphum Phisai",33
440,4409,"วาปีปทุม","Wapi Pathum",33
441,4410,"นาดูน","Na Dun",33
442,4411,"ยางสีสุราช","Yang Sisurat",33
443,4412,"กุดรัง","Kut Rang",33
444,4413,"ชื่นชม","Chuen Chom",33
445,4501,"เมืองร้อยเอ็ด","Mueang Roi Et",34
446,4502,"เกษตรวิสัย","Kaset Wisai",34
447,4503,"ปทุมรัตต์","Pathum Rat",34
448,4504,"จตุรพักตรพิมาน","Chaturaphak Phiman",34
449,4505,"ธวัชบุรี","Thawat Buri",34
450,4506,"พนมไพร","Phanom Phrai",34
451,4507,"โพนทอง","Phon Thong",34
452,4508,"โพธิ์ชัย","Pho Chai",34
453,4509,"หนองพอก","Nong Phok",34
454,4510,"เสลภูมิ","Selaphum",34
455,4511,"สุวรรณภูมิ","Suwannaphum",34
456,4512,"เมืองสรวง","Mueang Suang",34
457,4513,"โพนทราย","Phon Sai",34
458,4514,"อาจสามารถ","At Samat",34
459,4515,"เมยวดี","Moei Wadi",34
460,4516,"ศรีสมเด็จ","Si Somdet",34
461,4517,"จังหาร","Changhan",34
462,4518,"เชียงขวัญ","Chiang Khwan",34
463,4519,"หนองฮี","Nong Hi",34
464,4520,"ทุ่งเขาหลวง","Thung Khao Luang",34
465,4601,"เมืองกาฬสินธุ์","Mueang Kalasin",35
466,4602,"นามน","Na Mon",35
467,4603,"กมลาไสย","Kamalasai",35
468,4604,"ร่องคำ","Rong Kham",35
469,4605,"กุฉินารายณ์","Kuchinarai",35
470,4606,"เขาวง","Khao Wong",35
471,4607,"ยางตลาด","Yang Talat",35
472,4608,"ห้วยเม็ก","Huai Mek",35
473,4609,"สหัสขันธ์","Sahatsakhan",35
474,4610,"คำม่วง","Kham Muang",35
475,4611,"ท่าคันโท","Tha Khantho",35
476,4612,"หนองกุงศรี","Nong Kung Si",35
477,4613,"สมเด็จ","Somdet",35
478,4614,"ห้วยผึ้ง","Huai Phueng",35
479,4615,"สามชัย","Sam Chai",35
480,4616,"นาคู","Na Khu",35
481,4617,"ดอนจาน","Don Chan",35
482,4618,"ฆ้องชัย","Khong Chai",35
483,4701,"เมืองสกลนคร","Mueang Sakon Nakhon",36
484,4702,"กุสุมาลย์","Kusuman",36
485,4703,"กุดบาก","Kut Bak",36
486,4704,"พรรณานิคม","Phanna Nikhom",36
487,4705,"พังโคน","Phanh khon",36
488,4706,"วาริชภูมิ","Waritchaphum",36
489,4707,"นิคมน้ำอูน","Nikhom Nam un",36
490,4708,"วานรนิวาส","Wanon Niwat",36
491,4709,"คำตากล้า","Kham Ta Kla",36
492,4710,"บ้านม่วง","Ban Muang",36
493,4711,"อากาศอำนวย","Akat Amnuai",36
494,4712,"สว่างแดนดิน","Sawang Daen Din",36
495,4713,"ส่องดาว","Song Dao",36
496,4714,"เต่างอย","Tao Ngoi",36
497,4715,"โคกศรีสุพรรณ","Khok Si Suphan",36
498,4716,"เจริญศิลป์","Charoen Sin",36
499,4717,"โพนนาแก้ว","Phon Na Kaeo",36
500,4718,"ภูพาน","Phu Phan",36
501,4801,"เมืองนครพนม","Mueang Nakhon Phanom",37
502,4802,"ปลาปาก","Pla Pak",37
503,4803,"ท่าอุเทน","Tha Uthen",37
504,4804,"บ้านแพง","Ban Phaeng",37
505,4805,"ธาตุพนม","That Phanom",37
506,4806,"เรณูนคร","Renu Nakhon",37
507,4807,"นาแก","Na Kae",37
508,4808,"ศรีสงคราม","Si Songkhram",37
509,4809,"นาหว้า","Na Wa",37
510,4810,"โพนสวรรค์","Phon Sawan",37
511,4811,"นาทม","Na Thom",37
512,4812,"วังยาง","Wang Yang",37
513,4901,"เมืองมุกดาหาร","Mueang Mukdahan",38
514,4902,"นิคมคำสร้อย","Nikhom Kham Soi",38
515,4903,"ดอนตาล","Don Tan",38
516,4904,"ดงหลวง","Don Tan",38
517,4905,"คำชะอี","Khamcha-i",38
518,4906,"ว่านใหญ่","Wan Yai",38
519,4907,"หนองสูง","Nong Sung",38
520,5001,"เมืองเชียงใหม่","Mueang Chiang Mai",39
521,5002,"จอมทอง","Chom Thong",39
522,5003,"แม่แจ่ม","Mae Chaem",39
523,5004,"เชียงดาว","Chiang Dao",39
524,5005,"ดอยสะเก็ด","Doi Saket",39
525,5006,"แม่แตง","Mae Taeng",39
526,5007,"แม่ริม","Mae Rim",39
527,5008,"สะเมิง","Samoeng",39
528,5009,"ฝาง","Fang",39
529,5010,"แม่อาย","Mae Ai",39
530,5011,"พร้าว","Phrao",39
531,5012,"สันป่าตอง","San Pa Tong",39
532,5013,"สันกำแพง","San Kamphaeng",39
533,5014,"สันทราย","San Sai",39
534,5015,"หางดง","Hang Dong",39
535,5016,"ฮอด","Hot",39
536,5017,"ดอยเต่า","Doi Tao",39
537,5018,"อมก๋อย","Omkoi",39
538,5019,"สารภี","Saraphi",39
539,5020,"เวียงแหง","Wiang Haeng",39
540,5021,"ไชยปราการ","Chai Prakan",39
541,5022,"แม่วาง","Mae Wang",39
542,5023,"แม่ออน","Mae On",39
543,5024,"ดอยหล่อ","Doi Lo",39
544,5025,"กัลยาณิวัฒนา","Kanlayaniwatthana",39
545,5101,"เมืองลำพูน","Mueang Lamphun",40
546,5102,"แม่ทา","Mae Tha",40
547,5103,"บ้านโฮ่ง","Ban Hong",40
548,5104,"ลี้","Li",40
549,5105,"ทุ่งหัวช้าง","Thung Hua Chang",40
550,5106,"ป่าซาง","Pa Sang",40
551,5107,"บ้านธิ","Ban Thi",40
552,5108,"เวียงหนองล่อง","Wiang Nong Long",40
553,5201,"เมืองลำปาง","Mueang Lampang",41
554,5202,"แม่เมาะ","Mae Mo",41
555,5203,"เกาะคา","Ko kha",41
556,5204,"เสริมงาม","Soem Ngam",41
557,5205,"งาว","Ngao",41
558,5206,"แจ้ห่ม","Chae Hom",41
559,5207,"วังเหนือ","Wang Nuea",41
560,5208,"เถิน","Thoen",41
561,5209,"แม่พริก","Mae Phrik",41
562,5210,"แม่ทะ","Mae Tha",41
563,5211,"สบปราบ","Sop Prap",41
564,5212,"ห้างฉัตร","Hang Chat",41
565,5213,"เมืองปาน","Mueang Pan",41
566,5301,"เมืองอุตรดิตถ์","Mueang Uttaradit",42
567,5302,"ตรอน","Tron",42
568,5303,"ท่าปลา","Tha Pla",42
569,5304,"น้ำปาด","Nam Pat",42
570,5305,"ฟากท่า","Fak Tha",42
571,5306,"บ้านโคก","Ban Khok",42
572,5307,"พิชัย","Phichai",42
573,5308,"ลับแล","Laplae",42
574,5309,"ทองแสนขัน","Thong Saen Khan",42
575,5401,"เมืองแพร่","Mueang Phrae",43
576,5402,"ร้องกวาง","Mueang Phrae",43
577,5403,"ลอง","Long",43
578,5404,"สูงเม่น","Sung Men",43
579,5405,"เด่นชัย","Den Chai",43
580,5406,"สอง","Song",43
581,5407,"วังชิ้น","Wang Chin",43
582,5408,"หนองม่วงไข่","Nong Muang Khai",43
583,5501,"เมืองน่าน","Mueang Nan",44
584,5502,"แม่จริม","Mae Charim",44
585,5503,"บ้านหลวง","Ban Luang",44
586,5504,"นาน้อย","Na Noi",44
587,5505,"ปัว","Pua",44
588,5506,"ท่าวังผา","Tha Wang Pha",44
589,5507,"เวียงสา","Wiang Sa",44
590,5508,"ทุ่งช้าง","Thung Chang",44
591,5509,"เชียงกลาง","Chiang Klang",44
592,5510,"นาหมื่น","Na Muen",44
593,5511,"สันติสุข","Santi Suk",44
594,5512,"บ่อเกลือ","Bo Kluea",44
595,5513,"สองแคว","Song Khwae",44
596,5514,"ภูเพียง","Phu Phiang",44
597,5515,"เฉลิมพระเกียรติ","Chaloem Phra Kiet",44
598,5601,"เมืองพะเยา","Mueang Phayao",45
599,5602,"จุน","Mueang Phayao",45
600,5603,"เชียงคำ","Mueang Phayao",45
601,5604,"เชียงม่วน","Mueang Phayao",45
602,5605,"ดอกคำใต้","Mueang Phayao",45
603,5606,"ปง","Mueang Phayao",45
604,5607,"แม่ใจ","Mueang Phayao",45
605,5608,"ภูซาง","Mueang Phayao",45
606,5609,"ภูกามยาว","Mueang Phayao",45
607,5701,"เมืองเชียงราย","Mueang Chiang Rai",46
608,5702,"เวียงชัย","Wiang Chai",46
609,5703,"เชียงของ","Chiang Khong",46
610,5704,"เทิง","Thoeng",46
611,5705,"พาน","Phan",46
612,5706,"ป่าแดด","Pa Daet",46
613,5707,"แม่จัน","Mae Chan",46
614,5708,"เชียงแสน","Chiang Saen",46
615,5709,"แม่สาย","Mae Sai",46
616,5710,"แม่สรวย","Mae Suai",46
617,5711,"เวียงป่าเป้า","Wiang Pa Pao",46
618,5712,"พญาเม็งราย","Phaya Mengrai",46
619,5713,"เวียงแก่น","Wiang Kaen",46
620,5714,"ขุนตาล","Khun Tan",46
621,5715,"แม่ฟ้าหลวง","Mae Fa Luang",46
622,5716,"แม่ลาว","Mae Lao",46
623,5717,"เวียงเชียงรุ้ง","Wiang Chiang Rung",46
624,5718,"ดอยหลวง","Doi Luang",46
625,5801,"เมืองแม่ฮ่องสอน","Mueang Mae Hong Son",47
626,5802,"ขุนยวม","Khun Yuam",47
627,5803,"ปาย","Pai",47
628,5804,"แม่สะเรียง","Mae Sariang",47
629,5805,"แม่ลาน้อย","Mae La Noi",47
630,5806,"สบเมย","Sop Moei",47
631,5807,"ปางมะผ้า","Pang Mapha",47
632,6001,"เมืองนครสวรรค์","Mueang Nakhon Sawan",48
633,6002,"โกรกพระ","Krok Phra",48
634,6003,"ชุมแสง","Chum Saeng",48
635,6004,"หนองบัว","Nong Bua",48
636,6005,"บรรพตพิสัย","Banphot Phisai",48
637,6006,"เก้าเลี้ยว","Kao Liao",48
638,6007,"ตาคลี","Takhli",48
639,6008,"ท่าตะโก","Tha Tako",48
640,6009,"ไพศาลี","Phaisali",48
641,6010,"พยุหะคีรี","Phayuha Hkiri",48
642,6011,"ลาดยาว","Lat Yao",48
643,6012,"ตากฟ้า","Tak Fa",48
644,6013,"แม่วงก์","Mae Wong",48
645,6014,"แม่เปิน","Mae Pern",48
646,6015,"ชุมตาบง","Chum Ta Bong",48
647,6101,"เมืองอุทัยธานี","Mueang Uthai Thani",49
648,6102,"ทัพทัน","Thap Than",49
649,6103,"สว่างอารมณ์","Sawang Arom",49
650,6104,"หนองฉาง","Nong Chang",49
651,6105,"หนองขาหย่าง","Nong Khayang",49
652,6106,"บ้านไร่","Ban Rai",49
653,6107,"ลานสัก","Lan Sak",49
654,6108,"ห้วยคต","Huai Khot",49
655,6201,"เมืองกำแพงเพชร","Mueang Kamphaeng Phet",50
656,6202,"ไทรงาม","Sai Ngam",50
657,6203,"คลองลาน","Khlong Lan",50
658,6204,"ขาณุวรลักษบุรี","Khanu Woralaksaburi",50
659,6205,"คลองขลุง","Khlong Khlung",50
660,6206,"พรานกระต่าย","Phran Kratai",50
661,6207,"ลานกระบือ","Lan Krabue",50
662,6208,"ทรายทองวัฒนา","Sai Thong Watthana",50
663,6209,"ปางศิลาทอง","Pang Sila Thong",50
664,6210,"บึงสามัคคี","Bueng Samakkhi",50
665,6211,"โกสัมพีนคร","Kosamphi Nakhon",50
666,6301,"เมืองตาก","Mueang Tak",51
667,6302,"บ้านตาก","Ban Tak",51
668,6303,"สามเงา","Sam Ngao",51
669,6304,"แม่ระมาด","Mae Ramat",51
670,6305,"ท่าสองยาง","Tha Song Yang",51
671,6306,"แม่สอด","Mae Sot",51
672,6307,"พบพระ","Phop Phra",51
673,6308,"อุ้มผาง","Um Phang",51
674,6309,"วังเจ้า","Wang Chao",51
675,6401,"เมืองสุโขทัย","Mueang Sukhothai",52
676,6402,"บ้านด่านลานหอย","Ban Dan Lan Hoi",52
677,6403,"คีรีมาศ","Khiri Mat",52
678,6404,"กงไกรลาศ","Kong Krailat",52
679,6405,"ศรีสัชนาลัย","Si Satchanalai",52
680,6406,"ศรีสำโรง","Si Samrong",52
681,6407,"สวรรคโลก","Sawankhalok",52
682,6408,"ศรีนคร","Si Nakhon",52
683,6409,"ทุ่งเสลี่ยม","Thung Saliam",52
684,6501,"เมืองพิษณุโลก","Mueang Phitsanulok",53
685,6502,"นครไทย","Nakhon Thai",53
686,6503,"ชาติตระการ","Chat Trakan",53
687,6504,"บางระกำ","Bang Rakam",53
688,6505,"บางกระทุ่ม","Bang Krathum",53
689,6506,"พรหมพิราม","Phrom Phiram",53
690,6507,"วัดโบสถ์","Wat Bot",53
691,6508,"วังทอง","Wang Thong",53
692,6509,"เนินมะปราง","Noen Maprang",53
693,6601,"เมืองพิจิตร","Mueang Phichit",54
694,6602,"วังทรายพูน","Wang Sai Phun",54
695,6603,"โพธิ์ประทับช้าง","Pho Prathap Chang",54
696,6604,"ตะพานหิน","Taphan Hin",54
697,6605,"บางมูลนาก","Bang Mun Nak",54
698,6606,"โพทะเล","Pho Thale",54
699,6607,"สามง่าม","Sam Ngam",54
700,6608,"ทับคล้อ","Tap Khlo",54
701,6609,"สากเหล็ก","Sak Lek",54
702,6610,"บึงนาราง","Bueng Na Rang",54
703,6611,"ดงเจริญ","Dong Charoen",54
704,6612,"วชิรบารมี","Wachirabarami",54
705,6701,"เมืองเพชรบูรณ์","Mueang Phetchabun",55
706,6702,"ชนแดน","Chon Daen",55
707,6703,"หล่มสัก","Lom Sak",55
708,6704,"หล่มเก่า","Lom Kao",55
709,6705,"วิเชียรบุรี","Wichian Buri",55
710,6706,"ศรีเทพ","Si Thep",55
711,6707,"หนองไผ่","Nong Phai",55
712,6708,"บึงสามพัน","Bueng Sam Phan",55
713,6709,"น้ำหนาว","Nam Nao",55
714,6710,"วังโป่ง","Wang Pong",55
715,6711,"เขาค้อ","Khao kho",55
716,7001,"เมืองราชบุรี","Mueang Ratchaburi",56
717,7002,"จอมบึง","Chom Bueng",56
718,7003,"สวนผึ้ง","Suan Phueng",56
719,7004,"ดำเนินสะดวก","Damnoen Saduak",56
720,7005,"บ้านโป่ง","Ban Pong",56
721,7006,"บางแพ","Bang Phae",56
722,7007,"โพธาราม","Photharam",56
723,7008,"ปากท่อ","Pak Tho",56
724,7009,"วัดเพลง","Wat Phleng",56
725,7010,"บ้านคา","Ban Kha",56
726,7101,"เมืองกาญจนบุรี","Mueang Kanchanaburi",57
727,7102,"ไทรโยค","Sai Yok",57
728,7103,"บ่อพลอย","Bo Phloi",57
729,7104,"ศรีสวัสดิ์","Si Sawat",57
730,7105,"ท่ามะกา","Tha Maka",57
731,7106,"ท่าม่วง","Tha Muang",57
732,7107,"ทองผาภูมิ","Thong Pha Phum",57
733,7108,"สังขละบุรี","Sangkhla Buri",57
734,7109,"พนมทวน","Phanom Thuan",57
735,7110,"เลาขวัญ","Lao Khwan",57
736,7111,"ด่านมะขามเตี้ย","Dan Makham Tia",57
737,7112,"หนองปรือ","Nong Prue",57
738,7113,"ห้วยกระเจา","Huai Krachao",57
739,7201,"เมืองสุพรรณบุรี","Mueang Saphan Buri",58
740,7202,"เดิมบางนางบวช","Doem Bang Nang Buat",58
741,7203,"ด่านช้าง","Dan Chang",58
742,7204,"บางปลาม้า","Bang Pla Ma",58
743,7205,"ศรีประจันต์","Si Prachan",58
744,7206,"ดอนเจดีย์","Don Chedi",58
745,7207,"สองพี่น้อง","Song Phi Nong",58
746,7208,"สามชุก","Sam Chuk",58
747,7209,"อู่ทอง","U Thong",58
748,7210,"หนองหญ้าไซ","Nong Ya Sai",58
749,7301,"เมืองนครปฐม","mueang Nakhon Pathom",59
750,7302,"กำแพงแสน","Kamphaeng Saen",59
751,7303,"นครชัยศรี","Nakhon Chai Si",59
752,7304,"ดอนตูม","Don Tum",59
753,7305,"บางเลน","Bang Len",59
754,7306,"สามพราน","Sam Phran",59
755,7307,"พุทธมณฑล","Phutthamonthon",59
756,7401,"เมืองสมุทรสาคร","Mueang Samut Sakhon",60
757,7402,"กระทุ่มแบน","Krathum Baen",60
758,7403,"บ้านแพ้ว","Ban Phaeo",60
759,7501,"เมืองสมุทรสงคราม","Mueang Samut Songkhram",61
760,7502,"บางคนที","Bang Khonthi",61
761,7503,"อัมพวา","Amphawa",61
762,7601,"เมืองเพชรบุรี","Mueang Phetchaburi",62
763,7602,"เขาย้อย","Khao Yoi",62
764,7603,"หนองหญ้าปล้อง","Nong Ya Plong",62
765,7604,"ชะอำ","Cha-am",62
766,7605,"ท่ายาง","Tha Yang",62
767,7606,"บ้านลาด","Ban Lat",62
768,7607,"บ้านแหลม","Ban Laem",62
769,7608,"แก่งกระจาน","Kaeng Krachan",62
770,7701,"เมืองประจวบคีรีขันธ์","Mueang Prachuap Khiri Khan",63
771,7702,"กุยบุรี","Kui Buri",63
772,7703,"ทับสะแก","Thap Sakae",63
773,7704,"บางสะพาน","Bang Saphan",63
774,7705,"บางสะพานน้อย","Bang Saphan Noi",63
775,7706,"ปราณบุรี","Pran Buri",63
776,7707,"หัวหิน","Hua Hin",63
777,7708,"สามร้อยยอด","Sam Roi Yot",63
778,8001,"เมืองนครศรีธรรมราช","Mueang Nakhon Si Thammarat",64
779,8002,"พรหมคีรี","Phrom Khiri",64
780,8003,"ลานสกา","Lan Saka",64
781,8004,"ฉวาง","Chawang",64
782,8005,"พิปูน","Phipun",64
783,8006,"เชียรใหญ่","Chian Yai",64
784,8007,"ชะอวด","Cha-uat",64
785,8008,"ท่าศาลา","Tha Sala",64
786,8009,"ทุ่งสง","Thung Song",64
787,8010,"นาบอน","Na Bon",64
788,8011,"ทุ่งใหญ่","Thung Yai",64
789,8012,"ปากพนัง","Pak Phanang",64
790,8013,"ร่อนพิบูลย์","Ron Phibun",64
791,8014,"สิชล","Sichon",64
792,8015,"ขนอม","Khanom",64
793,8016,"หัวไทร","Hua Sai",64
794,8017,"บางขัน","Bang Khan",64
795,8018,"ถ้ำพรรณรา","Tham Phannara",64
796,8019,"จุฬาภรณ์","Chulabhorn",64
797,8020,"พระพรหม","Phra Phrom",64
798,8021,"นบพิตำ","Nopphitam",64
799,8022,"ช้างกลาง","Chang Klang",64
800,8023,"เฉลิมพระเกียรติ","Chaloem Phra Kiet",64
801,8101,"เมืองกระบี่","Mueang Krabi",65
802,8102,"เขาพนม","Khao Phanom",65
803,8103,"เกาะลันตา","Ko Lanta",65
804,8104,"คลองท่อม","Khlong Thom",65
805,8105,"อ่าวลึก","Ao Luek",65
806,8106,"ปลายพระยา","Plai Phraya",65
807,8107,"ลำทับ","Lam Thap",65
808,8108,"เหนือคลอง","Nuea Khlong",65
809,8201,"เมืองพังงา","Mueang Phang-nga",66
810,8202,"เกาะยาว","Ko Yao",66
811,8203,"กะปง","Kapong",66
812,8204,"ตะกั่วทุ่ง","Takua Thung",66
813,8205,"ตะกั่วป่า","Takua Pa",66
814,8206,"คุระบุรี","Khura Buri",66
815,8207,"ทับปุด","Thap Put",66
816,8208,"ท้ายเหมือง","Thai Mueang",66
817,8301,"เมืองภูเก็ต","Mueang Phuket",67
818,8302,"กะทู้","Kathu",67
819,8303,"ถลาง","Thalang",67
820,8401,"เมืองสุราษฎร์ธานี","Mueang Surat Thani",68
821,8402,"กาญจนดิษฐ์","Kanchanadit",68
822,8403,"ดอนสัก","Don Sak",68
823,8404,"เกาะสมุย","Ko Samui",68
824,8405,"เกาะพะงัน","Ko Pha-ngan",68
825,8406,"ไชยา","Chaiya",68
826,8407,"ท่าชนะ","Tha Chana",68
827,8408,"คีรีรัฐนิคม","Khiri Rat Nikhom",68
828,8409,"บ้านตาขุน","Ban Ta Khun",68
829,8410,"พนม","Phanom",68
830,8411,"ท่าฉาง","Tha Chang",68
831,8412,"บ้านนาสาร","Ban Na San",68
832,8413,"บ้านนาเดิม","Ban Na Doem",68
833,8414,"เคียนซา","Khian Sa",68
834,8415,"เวียงสระ","Wiang Sa",68
835,8416,"พระแสง","Phrasaeng",68
836,8417,"พุนพิน","Phunphin",68
837,8418,"ชัยบุรี","Chai Buri",68
838,8419,"วิภาวดี","Chai Buri",68
839,8501,"เมืองระนอง","Mueang Ranong",69
840,8502,"ละอุ่น","La-un",69
841,8503,"กะเปอร์","Papoe",69
842,8504,"กระบุรี","Kra Buri",69
843,8505,"สุขสำราญ","Suk Samran",69
844,8601,"เมืองชุมพร","Mueang Chumphon",70
845,8602,"ท่าแซะ","Tha Sae",70
846,8603,"ปะทิว","Pathio",70
847,8604,"หลังสวน","Lang Suan",70
848,8605,"ละแม","Lamae",70
849,8606,"พะโต๊ะ","Phato",70
850,8607,"สวี","Sawi",70
851,8608,"ทุ่งตะโก","Thung Tako",70
852,9001,"เมืองสงขลา","Muaeng Songkhla",71
853,9002,"สทิงพระ","Sathing Phra",71
854,9003,"จะนะ","Chana",71
855,9004,"นาทวี","Na Thawi",71
856,9005,"เทพา","Thepha",71
857,9006,"สะบ้าย้อย","Saba Yoi",71
858,9007,"ระโนด","Ranot",71
859,9008,"กระแสสินธุ์","Krasae Sin",71
860,9009,"รัตภูมิ","Rattaphum",71
861,9010,"สะเดา","Sadao",71
862,9011,"หาดใหญ่","Hat Yai",71
863,9012,"นาหม่อม","Na Mom",71
864,9013,"ควนเนียง","Khuan Niang",71
865,9014,"บางกล่ำ","Bang Klam",71
866,9015,"สิงหนคร","Singhanakhon",71
867,9016,"คลองหอยโข่ง","Khlong Hoi Khong",71
868,9101,"เมืองสตูล","Mueang Satun",72
869,9102,"ควนโดน","Khuan Don",72
870,9103,"ควนกาหลง","Khuan Kalong",72
871,9104,"ท่าแพ","Tha Phae",72
872,9105,"ละงู","La-ngu",72
873,9106,"ทุ่งหว้า","Thung  Wa",72
874,9107,"มะนัง","Manang",72
875,9201,"เมืองตรัง","Mueang Trang",73
876,9202,"กันตัง","Kantang",73
877,9203,"ย่านตาขาว","Yan Ta Khao",73
878,9204,"ปะเหลียน","Palian",73
879,9205,"สิเกา","Sikao",73
880,9206,"ห้วยยอด","Huai Yot",73
881,9207,"วังวิเศษ","Wang Wiset",73
882,9208,"นาโยง","Na Yong",73
883,9209,"รัษฎา","Ratsada",73
884,9210,"หาดสำราญ","Hat Samran",73
885,9301,"เมืองพัทลุง","Mueang Phatthalung",74
886,9302,"กงหรา","Kong Ra",74
887,9303,"เขาชัยสน","Khao Chaison",74
888,9304,"ตะโหมด","Tamot",74
889,9305,"ควนขนุน","Khuan Khanun",74
890,9306,"ปากพะยูน","Pak Phayun",74
891,9307,"ศรีบรรพต","Si Banphot",74
892,9308,"ป่าบอน","Pa Bon",74
893,9309,"บางแก้ว","Bang Kaeo",74
894,9310,"ป่าพยอม","Pa Phayom",74
895,9311,"ศรีนครินทร์","Srinagarindra",74
896,9401,"เมืองปัตตานี","Mueang Pattani",75
897,9402,"โคกโพธิ์","Khok Pho",75
898,9403,"หนองจิก","Nong Chik",75
899,9404,"ปะนาเระ","Panare",75
900,9405,"มายอ","Mayo",75
901,9406,"ทุ่งยางแดง","Thung Yang Daeng",75
902,9407,"สายบุรี","Sai Buri",75
903,9408,"ไม้แก่น","Mai Kaen",75
904,9409,"ยะหริ่ง","Yaring",75
905,9410,"ยะรัง","Yarang",75
906,9411,"กะพ้อ","Kapho",75
907,9412,"แม่ลาน","Mae Lan",75
908,9501,"เมืองยะลา","Mueang Yala",76
909,9502,"เบตง","Betong",76
910,9503,"บันนังสตา","Bannang Sata",76
911,9504,"ธารโต","Than To",76
912,9505,"ยะหา","Yaha",76
913,9506,"รามัน","Raman",76
914,9507,"กาบัง","Kabang",76
915,9508,"กรงปีนัง","Krong Pinang",76
916,9601,"เมืองนราธิวาส","Mueang Narathiwat",77
917,9602,"ตากใบ","Tak Bai",77
918,9603,"บาเจาะ","Tak Bai",77
919,9604,"ยี่งอ","Yi-ngo",77
920,9605,"ระแงะ","Ra-ngae",77
921,9606,"รือเสาะ","Rueso",77
922,9607,"ศรีสาคร","Si Sakhon",77
923,9608,"แว้ง","Waeng",77
924,9609,"สุคิริน","Sukhirin",77
925,9610,"สุไหงโก-ลก","Su-ngai Kolok",77
926,9611,"สุไหงปาดี","Su-ngai Padi",77
927,9612,"จะแนะ","Chanae",77
928,9613,"เจาะไอร้อง","Cho-airong",77
